,accuracy,macro_avg_precision,macro_avg_recall,macro_avg_f1,weighted_avg_precision,weighted_avg_recall,weighted_avg_f1,weighted_f1,macro_f1,micro_f1,rsme
0,0.3185689948892675,0.10090627092884921,0.10170874771492781,0.08791586127613042,0.22601129287237848,0.3185689948892675,0.24426144537141115,0.24426144537141115,0.08791586127613042,0.3185689948892675,2.471300342593943
1,0.32935560859188545,0.14125633830315903,0.10977269993168601,0.09948469639806427,0.24041794489650412,0.32935560859188545,0.25528202987228893,0.25528202987228893,0.09948469639806427,0.32935560859188545,2.4387484563629944
2,0.3324241391067167,0.1355570396423307,0.10770094328286191,0.09495683911434782,0.23656014948854318,0.3324241391067167,0.25162942442819464,0.25162942442819464,0.09495683911434782,0.3324241391067167,2.4367204489227796
3,0.3339023557528167,0.11836214369800416,0.10864397282213067,0.09621552509006666,0.24604801437895896,0.3339023557528167,0.25786074945269793,0.25786074945269793,0.09621552509006666,0.3339023557528167,2.4522061749811965
4,0.33697507681802663,0.13893515083833136,0.10981568706915538,0.09729231823485497,0.23923949875529196,0.33697507681802663,0.2560020940717049,0.2560020940717049,0.09729231823485497,0.33697507681802663,2.4233556863406642
