,accuracy,macro_avg_precision,macro_avg_recall,macro_avg_f1,weighted_avg_precision,weighted_avg_recall,weighted_avg_f1,weighted_f1,macro_f1,micro_f1,rsme
0,0.32265758091993185,0.18263165042753676,0.11145432414077658,0.10459915883361122,0.23962782793708348,0.32265758091993185,0.2512600788761302,0.2512600788761302,0.10459915883361122,0.32265758091993185,2.4286057861941996
1,0.3170814865325605,0.14695755121910475,0.10660118544631218,0.0976940619170513,0.23551794512484955,0.3170814865325605,0.2446290418697917,0.2446290418697917,0.0976940619170513,0.3170814865325605,2.482190227590571
2,0.33106034776679166,0.10139996794765346,0.10382763054200708,0.08813419188274604,0.2327695157795687,0.33106034776679166,0.25000891611411935,0.25000891611411935,0.08813419188274604,0.33106034776679166,2.458520534497844
3,0.3188801638784568,0.09973973714333466,0.10049288919872065,0.086022018654319,0.2223381093453364,0.3188801638784568,0.242858839410496,0.242858839410496,0.086022018654319,0.3188801638784568,2.4595741400687743
4,0.3301468077842267,0.12974225911098622,0.10824147574499807,0.09631888599073311,0.2360882249409044,0.3301468077842267,0.2514055266530986,0.2514055266530986,0.09631888599073311,0.3301468077842267,2.4324257681967687
