,accuracy,macro_avg_precision,macro_avg_recall,macro_avg_f1,weighted_avg_precision,weighted_avg_recall,weighted_avg_f1,weighted_f1,macro_f1,micro_f1,rsme
0,0.32504258943781944,0.1500109995829142,0.10537116046006223,0.09305456915153883,0.23884076600745835,0.32504258943781944,0.2499995642735428,0.2499995642735428,0.09305456915153883,0.32504258943781944,2.4764650302389883
1,0.32560518240709174,0.15479608437634976,0.11008466310696592,0.10093230615540663,0.2329874394029634,0.32560518240709174,0.2489745324494682,0.2489745324494682,0.10093230615540663,0.32560518240709174,2.445240720678875
2,0.3211728605523355,0.14430165652551302,0.1079576472928722,0.09881052497051533,0.23828089343140624,0.3211728605523355,0.24944080892352016,0.24944080892352016,0.09881052497051533,0.3211728605523355,2.4625389728847895
3,0.3216114714919768,0.09159446555125118,0.10140063392786865,0.086557910543098,0.22427994505518847,0.3216114714919768,0.24909338634712755,0.24909338634712755,0.086557910543098,0.3216114714919768,2.402556394285631
4,0.3188801638784568,0.12833920728384313,0.10457902693498529,0.09316004163209461,0.22647954946590132,0.3188801638784568,0.24488052341378455,0.24488052341378455,0.09316004163209461,0.3188801638784568,2.424693720473112
